{"cameraMode":{"drawMode":0,"name":"Shaded","section":"Shading Mode"},"sceneLighting":true,"audioPlay":false,"sceneViewState":{"showFog":true,"showMaterialUpdate":false,"showSkybox":true,"showFlares":true,"showImageEffects":true,"showParticleSystems":true,"showVisualEffectGraphs":true,"m_FxEnabled":true},"in2DMode":false,"pivot":{"x":-35.32061767578125,"y":4.028122425079346,"z":-114.68744659423828},"rotation":{"x":-0.00023182334552984685,"y":-0.6690323948860169,"z":0.00020529732864815742,"w":-0.7432391047477722},"size":81.5921401977539,"orthographic":false}